Ad Group,Month,Impressions,Clicks,CTR,Conversions,Conv Rate,Cost,CPC,Revenue,Sale Amount,P&L,Device,Match_Type,Channel,Row_CPA,Row_Conversion_Rate,Row_ROAS
Shop - 1:1 - Desk - [shop coupon code],July,16038,6504,0.41,1166,0.1,6669,1.03,6402,136770.05,-267.086,Desktop,1:1,Desktop - 1:1,5.719554030874786,0.17927429274292742,0.9599640125955915
Shop - 1:1 - Desk - [shop coupon],July,36462,14367,0.39,2188,0.09,13746,0.96,13262,283215.21,-483.951,Desktop,1:1,Desktop - 1:1,6.282449725776965,0.15229345026797522,0.9647897570202241
Shop - 1:1 - Desk - [shop discount code],July,3635,1458,0.4,248,0.09,1606,1.1,1723,39165.46,117.136,Desktop,1:1,Desktop - 1:1,6.475806451612903,0.1700960219478738,1.0728518057285181
Shop - 1:1 - Desk - [shop promo code],July,26185,10418,0.4,2294,0.12,13278,1.27,13042,284823.48,-235.921,Desktop,1:1,Desktop - 1:1,5.788142981691369,0.22019581493568824,0.9822262388913993
Shop - 1:1 - Desk - [shop promo],July,808,282,0.35,61,0.15,391,1.39,337,7717.77,-53.604,Desktop,1:1,Desktop - 1:1,6.409836065573771,0.21631205673758866,0.8618925831202046
Shop - 1:1 - Mob - [shop coupon code],July,46507,21756,0.47,1665,0.05,13157,0.6,8550,185824.49,-4606.713,Mobile,1:1,Mobile - 1:1,7.902102102102102,0.07653061224489796,0.6498441894048795
Shop - 1:1 - Mob - [shop coupon],July,152394,59177,0.39,2666,0.04,19371,0.33,13699,294536.92,-5672.271,Mobile,1:1,Mobile - 1:1,7.265941485371343,0.04505128681751356,0.707191162046358
Shop - 1:1 - Mob - [shop discount code],July,9950,4283,0.43,347,0.05,2637,0.62,2038,46026.32,-598.993,Mobile,1:1,Mobile - 1:1,7.599423631123919,0.08101797805276675,0.7728479332574896
Shop - 1:1 - Mob - [shop promo code],July,57373,27121,0.47,2940,0.07,16946,0.62,14565,321387.88,-2380.616,Mobile,1:1,Mobile - 1:1,5.763945578231293,0.10840308248220935,0.8594948660450844
Shop - 1:1 - Mob - [shop promo],July,1875,706,0.38,69,0.07,485,0.69,409,8946.99,-75.734,Mobile,1:1,Mobile - 1:1,7.028985507246377,0.09773371104815864,0.843298969072165
Shop - Exact - Desk - Competitor,July,721,195,0.27,25,0.09,188,0.97,188,3853.27,0.184,Desktop,Exact,Desktop - Exact,7.52,0.1282051282051282,1.0
Shop - Exact - Desk - Coupon Code,July,8053,2678,0.33,392,0.08,2814,1.05,2475,56017.16,-338.63,Desktop,Exact,Desktop - Exact,7.178571428571429,0.1463778939507095,0.8795309168443497
Shop - Exact - Desk - Discount Code,July,2181,539,0.25,70,0.08,577,1.07,449,10689.01,-128.102,Desktop,Exact,Desktop - Exact,8.242857142857142,0.12987012987012986,0.7781629116117851
Shop - Exact - Desk - Free Shipping,July,656,168,0.26,29,0.17,65,0.39,84,2097.29,19.218,Desktop,Exact,Desktop - Exact,2.2413793103448274,0.17261904761904762,1.2923076923076924
Shop - Exact - Desk - Offer,July,490,115,0.23,26,0.12,221,1.92,149,3058.02,-71.829,Desktop,Exact,Desktop - Exact,8.5,0.22608695652173913,0.6742081447963801
Shop - Exact - Desk - Promo Code,July,7366,2693,0.37,536,0.11,3469,1.29,3089,68146.26,-380.31,Desktop,Exact,Desktop - Exact,6.472014925373134,0.19903453397697735,0.8904583453444797
Shop - Exact - Desk - Sale,July,6318,598,0.09,46,0.07,416,0.7,278,5552.73,-138.325,Desktop,Exact,Desktop - Exact,9.043478260869565,0.07692307692307693,0.6682692307692307
Shop - Exact - Mob - Competitor,July,1771,594,0.34,34,0.05,272,0.46,177,3576.13,-95.428,Mobile,Exact,Mobile - Exact,8.0,0.05723905723905724,0.6507352941176471
Shop - Exact - Mob - Coupon Code,July,27672,9335,0.34,478,0.04,4105,0.44,2783,62357.68,-1321.609,Mobile,Exact,Mobile - Exact,8.587866108786612,0.05120514193893948,0.6779537149817296
Shop - Exact - Mob - Discount Code,July,6278,1506,0.24,59,0.03,817,0.54,313,6420.67,-504.332,Mobile,Exact,Mobile - Exact,13.847457627118644,0.039176626826029216,0.38310893512851896
Shop - Exact - Mob - Free Shipping,July,881,272,0.31,15,0.07,63,0.23,22,507.9,-40.58,Mobile,Exact,Mobile - Exact,4.2,0.05514705882352941,0.3492063492063492
Shop - Exact - Mob - Offer,July,1029,256,0.25,24,0.07,212,0.83,208,4425.49,-3.509,Mobile,Exact,Mobile - Exact,8.833333333333334,0.09375,0.9811320754716981
Shop - Exact - Mob - Promo Code,July,17771,6635,0.37,590,0.06,4404,0.66,3444,78127.29,-959.718,Mobile,Exact,Mobile - Exact,7.464406779661017,0.08892238131122833,0.782016348773842
Shop - Exact - Mob - Sale,July,9812,1008,0.1,42,0.04,413,0.41,202,4242.7,-210.844,Mobile,Exact,Mobile - Exact,9.833333333333334,0.041666666666666664,0.4891041162227603
Shop - Phrase - Desk - Competitor,July,36,5,0.14,2,0.33,5,1.05,13,261.4,8.07,Desktop,Phrase,Desktop - Phrase,2.5,0.4,2.6
Shop - Phrase - Desk - Coupon Code,July,9751,3402,0.35,579,0.1,3792,1.11,3547,75564.22,-244.797,Desktop,Phrase,Desktop - Phrase,6.549222797927461,0.17019400352733685,0.9353902953586498
Shop - Phrase - Desk - Discount Code,July,1062,147,0.14,13,0.06,135,0.92,67,1682.55,-68.055,Desktop,Phrase,Desktop - Phrase,10.384615384615385,0.08843537414965986,0.4962962962962963
Shop - Phrase - Desk - Free Shipping,July,66,8,0.12,0,0.0,3,0.48,0,0.0,-3.0,Desktop,Phrase,Desktop - Phrase,,0.0,0.0
Shop - Phrase - Desk - Offer,July,389,54,0.14,10,0.19,58,1.09,63,1264.52,5.229,Desktop,Phrase,Desktop - Phrase,5.8,0.18518518518518517,1.0862068965517242
Shop - Phrase - Desk - Promo Code,July,5919,1954,0.33,408,0.12,2396,1.23,2400,50958.58,3.585,Desktop,Phrase,Desktop - Phrase,5.872549019607843,0.20880245649948823,1.001669449081803
Shop - Phrase - Desk - Sale,July,8180,593,0.07,34,0.07,426,0.72,232,4631.94,-194.385,Desktop,Phrase,Desktop - Phrase,12.529411764705882,0.05733558178752108,0.5446009389671361
Shop - Phrase - Mob - Competitor,July,55,11,0.2,2,0.1,5,0.51,16,313.5,10.675,Mobile,Phrase,Mobile - Phrase,2.5,0.18181818181818182,3.2
Shop - Phrase - Mob - Coupon Code,July,18457,6762,0.37,380,0.04,3660,0.54,2262,49153.07,-1397.734,Mobile,Phrase,Mobile - Phrase,9.631578947368421,0.05619639160011831,0.6180327868852459
Shop - Phrase - Mob - Discount Code,July,1813,264,0.15,4,0.01,138,0.53,21,419.62,-117.017,Mobile,Phrase,Mobile - Phrase,34.5,0.015151515151515152,0.15217391304347827
Shop - Phrase - Mob - Free Shipping,July,118,15,0.13,0,0.0,6,0.4,0,0.0,-6.0,Mobile,Phrase,Mobile - Phrase,,0.0,0.0
Shop - Phrase - Mob - Offer,July,593,109,0.18,3,0.04,52,0.49,8,168.54,-43.571,Mobile,Phrase,Mobile - Phrase,17.333333333333332,0.027522935779816515,0.15384615384615385
Shop - Phrase - Mob - Promo Code,July,9838,3509,0.36,282,0.06,2562,0.73,1836,41275.06,-725.722,Mobile,Phrase,Mobile - Phrase,9.085106382978724,0.08036477628954118,0.7166276346604216
Shop - Phrase - Mob - Sale,July,17807,2054,0.12,35,0.03,981,0.48,262,5531.15,-718.568,Mobile,Phrase,Mobile - Phrase,28.02857142857143,0.017039922103213243,0.2670744138634047
Shop - 1:1 - Mob - [shop promo code],August,40627,17655,0.43,1968,0.07,12262,0.69,10303,230817.79,-1958.963,Mobile,1:1,Mobile - 1:1,6.230691056910569,0.11146983857264231,0.8402381340727451
Shop - 1:1 - Desk - [shop promo code],August,19648,7673,0.39,1622,0.11,11235,1.46,9928,216628.45,-1307.273,Desktop,1:1,Desktop - 1:1,6.926633785450061,0.21139059038185848,0.8836671117044949
Shop - 1:1 - Mob - [shop coupon],August,105966,32005,0.3,1530,0.04,10713,0.33,8473,185757.89,-2240.076,Mobile,1:1,Mobile - 1:1,7.0019607843137255,0.047805030463990004,0.790908242322412
Shop - 1:1 - Desk - [shop coupon],August,28499,10141,0.36,1509,0.08,10586,1.04,8859,192105.72,-1727.135,Desktop,1:1,Desktop - 1:1,7.015241882041087,0.14880189330440785,0.8368600037785755
Shop - 1:1 - Mob - [shop coupon code],August,34189,13905,0.41,1218,0.06,8146,0.59,6766,148681.16,-1380.324,Mobile,1:1,Mobile - 1:1,6.6880131362889985,0.08759439050701187,0.8305917014485638
Shop - 1:1 - Desk - [shop coupon code],August,12790,4983,0.39,897,0.1,6123,1.23,5590,123475.45,-532.537,Desktop,1:1,Desktop - 1:1,6.826086956521739,0.18001204093919326,0.9129511677282378
Shop - Exact - Desk - Promo Code,August,6561,2328,0.35,498,0.11,3467,1.49,3316,78661.0,-150.503,Desktop,Exact,Desktop - Exact,6.961847389558233,0.21391752577319587,0.9564464955292761
Shop - Exact - Mob - Promo Code,August,13488,4605,0.34,435,0.06,2884,0.63,2678,60074.53,-205.997,Mobile,Exact,Mobile - Exact,6.629885057471264,0.09446254071661238,0.9285714285714286
Shop - Exact - Desk - Coupon Code,August,6244,2020,0.32,327,0.09,2267,1.12,2115,51885.05,-151.631,Desktop,Exact,Desktop - Exact,6.9327217125382266,0.1618811881188119,0.9329510366122629
Shop - Phrase - Desk - Promo Code,August,4729,1635,0.35,315,0.11,2229,1.36,2010,44479.12,-218.804,Desktop,Phrase,Desktop - Phrase,7.076190476190476,0.1926605504587156,0.901749663526245
Shop - Exact - Mob - Coupon Code,August,16969,5126,0.3,340,0.05,2176,0.42,1992,44234.46,-184.295,Mobile,Exact,Mobile - Exact,6.4,0.06632852126414358,0.9154411764705882
Shop - Phrase - Desk - Coupon Code,August,5283,1632,0.31,226,0.08,1767,1.08,1455,33678.17,-312.263,Desktop,Phrase,Desktop - Phrase,7.81858407079646,0.13848039215686275,0.8234295415959253
Shop - 1:1 - Mob - [shop discount code],August,7544,2523,0.33,216,0.05,1590,0.63,1591,35605.11,1.36,Mobile,1:1,Mobile - 1:1,7.361111111111111,0.08561236623067776,1.0006289308176102
Shop - 1:1 - Desk - [shop discount code],August,2938,1111,0.38,197,0.09,1571,1.41,1203,27608.55,-368.016,Desktop,1:1,Desktop - 1:1,7.974619289340102,0.1773177317731773,0.7657542966263526
Shop - Phrase - Mob - Promo Code,August,7040,2407,0.34,214,0.06,1430,0.59,1373,31563.25,-56.691,Mobile,Phrase,Mobile - Phrase,6.682242990654205,0.08890735355213959,0.9601398601398602
Shop - Phrase - Mob - Coupon Code,August,8203,2504,0.31,146,0.04,1148,0.46,851,19110.69,-297.275,Mobile,Phrase,Mobile - Phrase,7.863013698630137,0.05830670926517572,0.7412891986062717
Shop - Exact - Desk - Discount Code,August,2263,556,0.25,74,0.08,627,1.13,516,11853.27,-111.385,Desktop,Exact,Desktop - Exact,8.472972972972974,0.13309352517985612,0.8229665071770335
Shop - Phrase - Desk - Sale,August,6770,629,0.09,37,0.06,486,0.77,240,5356.52,-245.86,Desktop,Phrase,Desktop - Phrase,13.135135135135135,0.058823529411764705,0.49382716049382713
Shop - Exact - Mob - Discount Code,August,3973,933,0.23,52,0.04,406,0.44,470,11817.23,64.046,Mobile,Exact,Mobile - Exact,7.8076923076923075,0.055734190782422297,1.1576354679802956
Shop - Phrase - Mob - Sale,August,7044,947,0.13,35,0.04,401,0.42,285,5960.76,-116.499,Mobile,Phrase,Mobile - Phrase,11.457142857142857,0.03695881731784583,0.7107231920199502
Shop - 1:1 - Mob - [shop promo],August,1489,472,0.32,61,0.08,347,0.74,295,6494.87,-52.103,Mobile,1:1,Mobile - 1:1,5.688524590163935,0.1292372881355932,0.8501440922190202
Shop - 1:1 - Desk - [shop promo],August,745,240,0.32,52,0.11,343,1.43,346,7835.88,3.171,Desktop,1:1,Desktop - 1:1,6.596153846153846,0.21666666666666667,1.0087463556851313
Shop - Exact - Desk - Offer,August,613,163,0.27,39,0.12,329,2.02,274,5752.61,-54.539,Desktop,Exact,Desktop - Exact,8.435897435897436,0.2392638036809816,0.8328267477203647
Shop - Exact - Desk - Sale,August,3187,341,0.11,20,0.04,273,0.8,162,3395.73,-110.746,Desktop,Exact,Desktop - Exact,13.65,0.05865102639296188,0.5934065934065934
Shop - Exact - Mob - Sale,August,3884,565,0.15,27,0.04,229,0.41,173,3888.51,-55.92,Mobile,Exact,Mobile - Exact,8.481481481481481,0.047787610619469026,0.7554585152838428
Shop - Phrase - Desk - Offer,August,618,149,0.24,25,0.09,182,1.23,106,2205.34,-76.222,Desktop,Phrase,Desktop - Phrase,7.28,0.16778523489932887,0.5824175824175825
Shop - Exact - Mob - Offer,August,986,248,0.25,24,0.06,177,0.71,162,3563.44,-14.789,Mobile,Exact,Mobile - Exact,7.375,0.0967741935483871,0.9152542372881356
Shop - Phrase - Desk - Discount Code,August,1088,159,0.15,15,0.06,163,1.03,87,1955.08,-76.294,Desktop,Phrase,Desktop - Phrase,10.866666666666667,0.09433962264150944,0.5337423312883436
Shop - Exact - Desk - Competitor,August,591,153,0.26,24,0.1,161,1.05,173,3503.52,12.192,Desktop,Exact,Desktop - Exact,6.708333333333333,0.1568627450980392,1.0745341614906831
Shop - Exact - Mob - Competitor,August,1113,333,0.3,14,0.04,142,0.43,76,1876.34,-65.527,Mobile,Exact,Mobile - Exact,10.142857142857142,0.042042042042042045,0.5352112676056338
Shop - Phrase - Mob - Discount Code,August,1303,233,0.18,9,0.03,111,0.48,51,1025.91,-59.699,Mobile,Phrase,Mobile - Phrase,12.333333333333334,0.03862660944206009,0.4594594594594595
Shop - Phrase - Mob - Offer,August,689,172,0.25,13,0.05,89,0.52,57,1226.22,-31.685,Mobile,Phrase,Mobile - Phrase,6.846153846153846,0.0755813953488372,0.6404494382022472
Shop - Exact - Desk - Free Shipping,August,678,163,0.24,28,0.17,76,0.47,70,1509.18,-6.11,Desktop,Exact,Desktop - Exact,2.7142857142857144,0.17177914110429449,0.9210526315789473
Shop - Exact - Mob - Free Shipping,August,817,274,0.34,19,0.07,68,0.25,29,650.73,-39.016,Mobile,Exact,Mobile - Exact,3.5789473684210527,0.06934306569343066,0.4264705882352941
Shop - Phrase - Mob - Free Shipping,August,111,27,0.24,0,0.0,8,0.3,0,0.0,-8.0,Mobile,Phrase,Mobile - Phrase,,0.0,0.0
Shop - Phrase - Mob - Competitor,August,50,13,0.26,3,0.13,6,0.53,41,822.51,35.132,Mobile,Phrase,Mobile - Phrase,2.0,0.23076923076923078,6.833333333333333
Shop - Phrase - Desk - Free Shipping,August,67,8,0.12,1,0.07,6,0.81,0,5.96,-5.702,Desktop,Phrase,Desktop - Phrase,6.0,0.125,0.0
Shop - Phrase - Desk - Competitor,August,35,3,0.09,0,0.0,1,0.62,0,0.0,-1.0,Desktop,Phrase,Desktop - Phrase,,0.0,0.0
Shop - 1:1 - Mob - [shop coupon],September,90806,40622,0.45,1421,0.03,10904,0.27,7891,170418.87,-3012.91,Mobile,1:1,Mobile - 1:1,7.673469387755102,0.034981044754074146,0.7236793837123991
Shop - 1:1 - Mob - [shop promo code],September,32462,14427,0.44,1510,0.06,9562,0.66,8838,196210.87,-724.153,Mobile,1:1,Mobile - 1:1,6.332450331125828,0.104664864490192,0.924283622673081
Shop - 1:1 - Desk - [shop promo code],September,15673,6199,0.4,1242,0.11,9163,1.48,7264,158674.1,-1899.421,Desktop,1:1,Desktop - 1:1,7.377616747181965,0.20035489595095984,0.7927534650223725
Shop - 1:1 - Desk - [shop coupon],September,20879,8135,0.39,1034,0.07,8069,0.99,6153,132508.12,-1915.53,Desktop,1:1,Desktop - 1:1,7.803675048355899,0.12710510141364476,0.7625480232990457
Shop - 1:1 - Mob - [shop coupon code],September,26710,11918,0.45,921,0.05,6628,0.56,5604,124194.91,-1023.587,Mobile,1:1,Mobile - 1:1,7.196525515743756,0.07727806678972982,0.8455039227519614
Shop - 1:1 - Desk - [shop coupon code],September,9759,3904,0.4,593,0.08,4949,1.27,3973,87840.47,-975.676,Desktop,1:1,Desktop - 1:1,8.345699831365936,0.1518954918032787,0.802788442109517
Shop - Exact - Desk - Promo Code,September,5480,2003,0.37,371,0.1,2984,1.49,3013,73096.84,29.101,Desktop,Exact,Desktop - Exact,8.04312668463612,0.18522216674987518,1.0097184986595173
Shop - Exact - Mob - Promo Code,September,10938,4247,0.39,343,0.05,2486,0.59,2410,57157.19,-76.263,Mobile,Exact,Mobile - Exact,7.247813411078718,0.08076289145279021,0.9694288012872083
Shop - Exact - Mob - Coupon Code,September,16362,5876,0.36,302,0.04,2199,0.37,1970,44401.87,-229.336,Mobile,Exact,Mobile - Exact,7.281456953642384,0.05139550714771954,0.8958617553433379
Shop - Exact - Desk - Coupon Code,September,5304,1702,0.32,216,0.07,1912,1.12,1451,34236.93,-461.198,Desktop,Exact,Desktop - Exact,8.851851851851851,0.12690951821386603,0.7588912133891214
Shop - Phrase - Desk - Promo Code,September,3939,1321,0.34,205,0.09,1845,1.4,1678,40606.65,-166.708,Desktop,Phrase,Desktop - Phrase,9.0,0.15518546555639667,0.9094850948509485
Shop - Phrase - Desk - Coupon Code,September,3255,1077,0.33,166,0.08,1413,1.31,1391,35526.39,-22.432,Desktop,Phrase,Desktop - Phrase,8.512048192771084,0.1541318477251625,0.9844302901627743
Shop - 1:1 - Mob - [shop discount code],September,5471,2169,0.4,170,0.05,1302,0.6,1153,25744.04,-149.243,Mobile,1:1,Mobile - 1:1,7.658823529411765,0.07837713231904103,0.8855606758832565
Shop - 1:1 - Desk - [shop discount code],September,2163,866,0.4,139,0.08,1165,1.35,1073,24921.42,-92.089,Desktop,1:1,Desktop - 1:1,8.381294964028777,0.1605080831408776,0.9210300429184549
Shop - Phrase - Mob - Coupon Code,September,6231,2152,0.35,143,0.04,1096,0.51,947,20744.22,-149.269,Mobile,Phrase,Mobile - Phrase,7.664335664335664,0.06644981412639406,0.8640510948905109
Shop - Phrase - Mob - Promo Code,September,4655,1583,0.34,110,0.05,826,0.52,753,16455.92,-72.812,Mobile,Phrase,Mobile - Phrase,7.509090909090909,0.06948831332912192,0.9116222760290557
Shop - Exact - Desk - Sale,September,9989,1176,0.12,43,0.05,574,0.49,249,4979.44,-325.007,Desktop,Exact,Desktop - Exact,13.348837209302326,0.036564625850340135,0.4337979094076655
Shop - Phrase - Desk - Offer,September,1498,377,0.25,55,0.09,546,1.45,303,6071.61,-242.84,Desktop,Phrase,Desktop - Phrase,9.927272727272728,0.14588859416445624,0.554945054945055
Shop - Exact - Mob - Discount Code,September,4224,1181,0.28,54,0.03,519,0.44,327,6664.23,-192.354,Mobile,Exact,Mobile - Exact,9.61111111111111,0.04572396274343776,0.630057803468208
Shop - Exact - Desk - Discount Code,September,1650,432,0.26,48,0.06,457,1.06,406,9718.82,-50.676,Desktop,Exact,Desktop - Exact,9.520833333333334,0.1111111111111111,0.888402625820569
Shop - Phrase - Desk - Sale,September,6314,526,0.08,26,0.06,400,0.76,157,3144.2,-242.776,Desktop,Phrase,Desktop - Phrase,15.384615384615385,0.049429657794676805,0.3925
Shop - Phrase - Mob - Offer,September,2018,621,0.31,45,0.05,373,0.6,308,6807.69,-65.172,Mobile,Phrase,Mobile - Phrase,8.28888888888889,0.07246376811594203,0.8257372654155496
Shop - 1:1 - Desk - [shop promo],September,548,200,0.36,39,0.11,279,1.4,251,5241.81,-28.119,Desktop,1:1,Desktop - 1:1,7.153846153846154,0.195,0.899641577060932
Shop - 1:1 - Mob - [shop promo],September,1255,439,0.35,38,0.06,272,0.62,207,4232.7,-64.595,Mobile,1:1,Mobile - 1:1,7.157894736842105,0.08656036446469248,0.7610294117647058
Shop - Exact - Desk - Offer,September,628,148,0.24,21,0.09,240,1.62,202,4050.38,-37.973,Desktop,Exact,Desktop - Exact,11.428571428571429,0.14189189189189189,0.8416666666666667
Shop - Exact - Mob - Offer,September,1288,340,0.26,20,0.04,239,0.7,143,2960.84,-96.196,Mobile,Exact,Mobile - Exact,11.95,0.058823529411764705,0.5983263598326359
Shop - Phrase - Mob - Sale,September,6444,593,0.09,27,0.05,231,0.39,221,5500.5,-9.519,Mobile,Phrase,Mobile - Phrase,8.555555555555555,0.045531197301854974,0.9567099567099567
Shop - Phrase - Mob - Discount Code,September,1848,447,0.24,28,0.05,217,0.49,179,3765.3,-38.448,Mobile,Phrase,Mobile - Phrase,7.75,0.06263982102908278,0.8248847926267281
Shop - Exact - Mob - Sale,September,8902,661,0.07,25,0.04,216,0.33,173,4259.42,-42.99,Mobile,Exact,Mobile - Exact,8.64,0.037821482602118005,0.8009259259259259
Shop - Exact - Mob - Competitor,September,1077,368,0.34,14,0.03,164,0.45,67,1430.86,-96.952,Mobile,Exact,Mobile - Exact,11.714285714285714,0.03804347826086957,0.40853658536585363
Shop - Phrase - Desk - Discount Code,September,810,123,0.15,17,0.09,134,1.09,121,2514.88,-12.744,Desktop,Phrase,Desktop - Phrase,7.882352941176471,0.13821138211382114,0.9029850746268657
Shop - Exact - Desk - Competitor,September,514,123,0.24,16,0.1,130,1.06,110,2197.05,-20.139,Desktop,Exact,Desktop - Exact,8.125,0.13008130081300814,0.8461538461538461
Shop - Exact - Desk - Free Shipping,September,499,116,0.23,14,0.11,52,0.45,74,2728.4,21.998,Desktop,Exact,Desktop - Exact,3.7142857142857144,0.1206896551724138,1.4230769230769231
Shop - Exact - Mob - Free Shipping,September,560,178,0.32,7,0.05,39,0.22,12,235.27,-27.233,Mobile,Exact,Mobile - Exact,5.571428571428571,0.03932584269662921,0.3076923076923077
Shop - Phrase - Mob - Free Shipping,September,98,22,0.22,0,0.0,6,0.29,0,0.0,-6.0,Mobile,Phrase,Mobile - Phrase,,0.0,0.0
Shop - Phrase - Mob - Competitor,September,54,9,0.17,1,0.11,4,0.45,1,28.93,-2.553,Mobile,Phrase,Mobile - Phrase,4.0,0.1111111111111111,0.25
Shop - Phrase - Desk - Free Shipping,September,52,4,0.08,1,0.5,1,0.43,20,678.0,19.34,Desktop,Phrase,Desktop - Phrase,1.0,0.25,20.0
Shop - Phrase - Desk - Competitor,September,38,2,0.05,0,0.0,1,0.57,0,0.0,-1.0,Desktop,Phrase,Desktop - Phrase,,0.0,0.0
Shop - 1:1 - Mob - [shop coupon],October,93406,36068,0.39,2444,0.05,12236,0.34,13744,285638.3,1507.685,Mobile,1:1,Mobile - 1:1,5.0065466448445175,0.06776089608517245,1.123242889833279
Shop - 1:1 - Mob - [shop promo code],October,34929,15595,0.45,2193,0.09,11258,0.72,12025,252296.27,766.859,Mobile,1:1,Mobile - 1:1,5.133606931144551,0.14062199422891952,1.0681293302540416
Shop - 1:1 - Desk - [shop promo code],October,16953,6484,0.38,1499,0.12,10080,1.55,9553,210096.13,-527.249,Desktop,1:1,Desktop - 1:1,6.724482988659106,0.2311844540407156,0.9477182539682539
Shop - 1:1 - Desk - [shop coupon],October,24598,8693,0.35,1421,0.09,9461,1.09,8186,171724.63,-1274.747,Desktop,1:1,Desktop - 1:1,6.65798733286418,0.1634648567813183,0.8652362329563471
Shop - 1:1 - Mob - [shop coupon code],October,28102,12485,0.44,1393,0.07,7192,0.58,7955,166656.05,762.921,Mobile,1:1,Mobile - 1:1,5.162957645369706,0.11157388866639968,1.1060901001112347
Shop - 1:1 - Desk - [shop coupon code],October,10826,4021,0.37,725,0.1,4812,1.2,4627,96617.0,-184.857,Desktop,1:1,Desktop - 1:1,6.637241379310344,0.18030340711265855,0.9615544472152951
Shop - Exact - Mob - Promo Code,October,13525,5656,0.42,621,0.07,3435,0.61,3487,74522.54,51.685,Mobile,Exact,Mobile - Exact,5.531400966183575,0.1097949080622348,1.0151382823871906
Shop - Exact - Desk - Promo Code,October,6254,2064,0.33,456,0.12,3012,1.46,3180,69872.95,168.373,Desktop,Exact,Desktop - Exact,6.605263157894737,0.22093023255813954,1.0557768924302788
Shop - Phrase - Desk - Promo Code,October,6908,1874,0.27,337,0.1,2325,1.24,2329,49148.43,4.066,Desktop,Phrase,Desktop - Phrase,6.899109792284866,0.17982924226254002,1.0017204301075269
Shop - Exact - Mob - Coupon Code,October,15769,6046,0.38,440,0.05,2318,0.38,2655,55815.23,337.125,Mobile,Exact,Mobile - Exact,5.2681818181818185,0.07277538868673503,1.1453839516824849
Shop - Exact - Desk - Coupon Code,October,5044,1555,0.31,267,0.1,1734,1.12,1654,34980.16,-79.595,Desktop,Exact,Desktop - Exact,6.49438202247191,0.17170418006430868,0.9538638985005767
Shop - 1:1 - Mob - [shop discount code],October,5789,2510,0.43,269,0.07,1546,0.62,1889,40122.76,342.979,Mobile,1:1,Mobile - 1:1,5.74721189591078,0.10717131474103586,1.221862871927555
Shop - Phrase - Mob - Promo Code,October,9619,2908,0.3,199,0.05,1476,0.51,1211,25311.15,-265.424,Mobile,Phrase,Mobile - Phrase,7.417085427135678,0.06843191196698763,0.8204607046070461
Shop - 1:1 - Desk - [shop discount code],October,2336,855,0.37,173,0.1,1081,1.27,1179,25104.24,97.764,Desktop,1:1,Desktop - 1:1,6.2485549132947975,0.2023391812865497,1.0906567992599445
Shop - Exact - Mob - Discount Code,October,4715,1397,0.3,93,0.05,615,0.44,587,12245.37,-27.854,Mobile,Exact,Mobile - Exact,6.612903225806452,0.06657122405153901,0.9544715447154472
Shop - Phrase - Desk - Offer,October,2065,427,0.21,73,0.11,499,1.17,472,9859.2,-27.457,Desktop,Phrase,Desktop - Phrase,6.835616438356165,0.17096018735362997,0.9458917835671342
Shop - Exact - Desk - Discount Code,October,1770,412,0.23,79,0.11,488,1.19,481,11375.79,-7.255,Desktop,Exact,Desktop - Exact,6.177215189873418,0.19174757281553398,0.985655737704918
Shop - Phrase - Mob - Offer,October,3279,952,0.29,61,0.06,468,0.49,423,8585.47,-45.085,Mobile,Phrase,Mobile - Phrase,7.672131147540983,0.06407563025210083,0.9038461538461539
Shop - Exact - Desk - Sale,October,7385,756,0.1,37,0.07,447,0.59,198,3967.4,-248.605,Desktop,Exact,Desktop - Exact,12.08108108108108,0.04894179894179894,0.4429530201342282
Shop - 1:1 - Desk - [shop promo],October,965,280,0.29,59,0.12,422,1.51,446,9021.68,24.122,Desktop,1:1,Desktop - 1:1,7.1525423728813555,0.21071428571428572,1.0568720379146919
Shop - Phrase - Mob - Coupon Code,October,2524,819,0.32,82,0.07,418,0.51,535,10694.68,116.783,Mobile,Phrase,Mobile - Phrase,5.097560975609756,0.10012210012210013,1.2799043062200957
Shop - 1:1 - Mob - [shop promo],October,1706,676,0.4,72,0.07,412,0.61,372,7875.81,-40.219,Mobile,1:1,Mobile - 1:1,5.722222222222222,0.10650887573964497,0.9029126213592233
Shop - Phrase - Desk - Coupon Code,October,1398,361,0.26,58,0.09,407,1.13,340,7222.9,-66.82,Desktop,Phrase,Desktop - Phrase,7.017241379310345,0.16066481994459833,0.8353808353808354
Shop - Phrase - Mob - Discount Code,October,3223,752,0.23,43,0.05,316,0.42,498,10932.34,181.597,Mobile,Phrase,Mobile - Phrase,7.348837209302325,0.057180851063829786,1.5759493670886076
Shop - Exact - Mob - Offer,October,1408,463,0.33,42,0.07,290,0.63,295,6331.84,5.253,Mobile,Exact,Mobile - Exact,6.904761904761905,0.09071274298056156,1.0172413793103448
Shop - Exact - Desk - Offer,October,649,151,0.23,25,0.12,282,1.87,165,3293.63,-117.279,Desktop,Exact,Desktop - Exact,11.28,0.16556291390728478,0.5851063829787234
Shop - Exact - Mob - Sale,October,8454,726,0.09,26,0.04,277,0.38,115,2300.72,-161.951,Mobile,Exact,Mobile - Exact,10.653846153846153,0.03581267217630854,0.4151624548736462
Shop - Phrase - Mob - Sale,October,4894,551,0.11,24,0.05,226,0.41,122,2612.68,-104.006,Mobile,Phrase,Mobile - Phrase,9.416666666666666,0.043557168784029036,0.5398230088495575
Shop - Phrase - Desk - Discount Code,October,1074,190,0.18,22,0.07,190,1.01,184,4345.15,-6.287,Desktop,Phrase,Desktop - Phrase,8.636363636363637,0.11578947368421053,0.968421052631579
Shop - Phrase - Desk - Sale,October,3023,228,0.08,14,0.06,172,0.76,108,2152.46,-64.371,Desktop,Phrase,Desktop - Phrase,12.285714285714286,0.06140350877192982,0.627906976744186
Shop - Exact - Mob - Competitor,October,1000,321,0.32,23,0.06,154,0.48,136,2793.15,-17.826,Mobile,Exact,Mobile - Exact,6.695652173913044,0.07165109034267912,0.8831168831168831
Shop - Exact - Desk - Competitor,October,451,93,0.21,11,0.07,111,1.2,81,1626.05,-29.694,Desktop,Exact,Desktop - Exact,10.090909090909092,0.11827956989247312,0.7297297297297297
Shop - Exact - Mob - Free Shipping,October,709,208,0.29,12,0.08,45,0.22,14,309.09,-30.542,Mobile,Exact,Mobile - Exact,3.75,0.057692307692307696,0.3111111111111111
Shop - Exact - Desk - Free Shipping,October,457,99,0.22,13,0.14,35,0.36,23,469.67,-11.512,Desktop,Exact,Desktop - Exact,2.6923076923076925,0.13131313131313133,0.6571428571428571
Shop - Phrase - Mob - Competitor,October,44,12,0.27,2,0.13,8,0.67,22,431.41,13.574,Mobile,Phrase,Mobile - Phrase,4.0,0.16666666666666666,2.75
Shop - Phrase - Desk - Free Shipping,October,72,9,0.13,1,0.14,5,0.57,8,157.97,2.9,Desktop,Phrase,Desktop - Phrase,5.0,0.1111111111111111,1.6
Shop - Phrase - Mob - Free Shipping,October,100,14,0.14,3,0.21,3,0.26,4,83.2,1.161,Mobile,Phrase,Mobile - Phrase,1.0,0.21428571428571427,1.3333333333333333
Shop - 1:1 - Mob - [shop coupon],November,276568,99526,0.36,5961,0.05,38273,0.38,32668,677188.1,-5605.297,Mobile,1:1,Mobile - 1:1,6.420567018956551,0.05989389707212186,0.8535521124552556
Shop - 1:1 - Desk - [shop coupon],November,73448,25283,0.34,4080,0.1,27336,1.08,23857,497790.81,-3478.644,Desktop,1:1,Desktop - 1:1,6.7,0.16137325475616027,0.8727319285923325
Shop - 1:1 - Desk - [shop promo code],November,64067,23538,0.37,5782,0.15,37729,1.6,34518,725773.92,-3211.121,Desktop,1:1,Desktop - 1:1,6.525250778277413,0.24564533945110034,0.9148930530891357
Shop - Exact - Mob - Sale,November,15422,2078,0.13,62,0.03,2597,1.25,427,8733.41,-2170.044,Mobile,Exact,Mobile - Exact,41.88709677419355,0.029836381135707413,0.16442048517520216
Shop - 1:1 - Desk - [shop coupon code],November,38523,14393,0.37,2713,0.12,18641,1.3,16555,345891.36,-2086.3,Desktop,1:1,Desktop - 1:1,6.870991522300037,0.18849440700340445,0.8880961321817499
Shop - Phrase - Mob - Offer,November,31793,7159,0.23,532,0.08,5075,0.71,3260,66443.24,-1814.562,Mobile,Phrase,Mobile - Phrase,9.539473684210526,0.07431205475625087,0.6423645320197044
Shop - Phrase - Mob - Promo Code,November,50422,10147,0.2,773,0.06,5764,0.57,4472,92805.77,-1291.908,Mobile,Phrase,Mobile - Phrase,7.4566623544631305,0.07618015176899576,0.7758501040943789
Shop - Exact - Mob - Coupon Code,November,54501,19058,0.35,1345,0.05,9302,0.49,8134,171895.9,-1168.009,Mobile,Exact,Mobile - Exact,6.915985130111524,0.07057403714975338,0.8744356052461836
Shop - 1:1 - Mob - [shop promo code],November,138811,57405,0.41,7563,0.1,43542,0.76,42440,886095.31,-1101.899,Mobile,1:1,Mobile - 1:1,5.757239190797303,0.13174810556571728,0.9746911028432318
Shop - Phrase - Mob - Discount Code,November,24726,5216,0.21,277,0.05,2916,0.56,1981,42318.64,-935.295,Mobile,Phrase,Mobile - Phrase,10.527075812274369,0.053105828220858894,0.6793552812071331
Shop - Exact - Mob - Discount Code,November,20699,5540,0.27,320,0.05,2893,0.52,2003,44985.83,-890.164,Mobile,Exact,Mobile - Exact,9.040625,0.05776173285198556,0.6923608710680954
Shop - 1:1 - Mob - [shop discount code],November,18275,8012,0.44,808,0.07,5651,0.71,4773,99420.38,-877.986,Mobile,1:1,Mobile - 1:1,6.993811881188119,0.10084872690963555,0.8446292691559016
Shop - Exact - Desk - Sale,November,19335,1689,0.09,85,0.06,1118,0.66,422,8962.23,-696.152,Desktop,Exact,Desktop - Exact,13.152941176470588,0.05032563647128478,0.3774597495527728
Shop - Phrase - Desk - Promo Code,November,39649,8281,0.21,1640,0.13,10823,1.31,10223,215898.79,-600.456,Desktop,Phrase,Desktop - Phrase,6.599390243902439,0.19804371452723102,0.944562505774739
Shop - Phrase - Desk - Offer,November,12209,1663,0.14,182,0.1,1600,0.96,1164,25635.15,-435.967,Desktop,Phrase,Desktop - Phrase,8.791208791208792,0.10944076969332532,0.7275
Shop - Phrase - Mob - Sale,November,13056,927,0.07,20,0.03,376,0.41,76,1518.51,-300.066,Mobile,Phrase,Mobile - Phrase,18.8,0.021574973031283712,0.20212765957446807
Shop - Phrase - Mob - Coupon Code,November,6765,1844,0.27,88,0.04,861,0.47,573,13341.64,-288.085,Mobile,Phrase,Mobile - Phrase,9.784090909090908,0.04772234273318872,0.6655052264808362
Shop - Phrase - Desk - Discount Code,November,6200,975,0.16,108,0.08,1102,1.13,844,19822.4,-257.638,Desktop,Phrase,Desktop - Phrase,10.203703703703704,0.11076923076923077,0.7658802177858439
Shop - Exact - Desk - Discount Code,November,7365,1348,0.18,164,0.09,1315,0.98,1061,22711.98,-253.801,Desktop,Exact,Desktop - Exact,8.018292682926829,0.12166172106824925,0.8068441064638783
Shop - Phrase - Desk - Coupon Code,November,7475,1977,0.26,382,0.12,2616,1.32,2368,50293.23,-248.203,Desktop,Phrase,Desktop - Phrase,6.848167539267016,0.19322205361659078,0.9051987767584098
Shop - Phrase - Desk - Sale,November,10262,667,0.06,30,0.05,386,0.58,165,3302.8,-220.842,Desktop,Phrase,Desktop - Phrase,12.866666666666667,0.044977511244377814,0.4274611398963731
Shop - Exact - Mob - Competitor,November,3155,871,0.28,54,0.06,402,0.46,268,6622.27,-134.484,Mobile,Exact,Mobile - Exact,7.444444444444445,0.06199770378874857,0.6666666666666666
Shop - 1:1 - Desk - [shop promo],November,2506,708,0.28,137,0.12,1039,1.47,910,19932.69,-129.125,Desktop,1:1,Desktop - 1:1,7.583941605839416,0.19350282485875706,0.875842155919153
Shop - Exact - Desk - Competitor,November,1692,341,0.2,43,0.09,342,1.01,258,5309.34,-84.485,Desktop,Exact,Desktop - Exact,7.953488372093023,0.12609970674486803,0.7543859649122807
Shop - 1:1 - Mob - [shop coupon code],November,99258,42283,0.43,4349,0.08,24149,0.57,24071,500400.85,-77.73,Mobile,1:1,Mobile - 1:1,5.552770751896988,0.10285457512475463,0.9967700525901694
Shop - Exact - Desk - Offer,November,2760,434,0.16,71,0.12,553,1.28,496,11027.61,-56.945,Desktop,Exact,Desktop - Exact,7.788732394366197,0.16359447004608296,0.8969258589511754
Shop - Exact - Mob - Promo Code,November,51335,19009,0.37,2095,0.08,12189,0.64,12145,256314.93,-44.189,Mobile,Exact,Mobile - Exact,5.818138424821003,0.11021095270661266,0.9963901878743129
Shop - Exact - Desk - Free Shipping,November,1805,354,0.2,55,0.14,134,0.38,95,2156.07,-38.959,Desktop,Exact,Desktop - Exact,2.4363636363636365,0.1553672316384181,0.7089552238805971
Shop - Exact - Mob - Free Shipping,November,3279,618,0.19,52,0.1,118,0.19,93,1855.08,-25.215,Mobile,Exact,Mobile - Exact,2.269230769230769,0.08414239482200647,0.788135593220339
Shop - Phrase - Mob - Competitor,November,127,32,0.25,2,0.04,18,0.59,7,139.89,-11.005,Mobile,Phrase,Mobile - Phrase,9.0,0.0625,0.3888888888888889
Shop - Phrase - Desk - Free Shipping,November,85,9,0.11,0,0.0,2,0.32,0,0.0,-2.0,Desktop,Phrase,Desktop - Phrase,,0.0,0.0
Shop - Phrase - Mob - Free Shipping,November,209,31,0.15,2,0.05,7,0.23,7,147.75,0.389,Mobile,Phrase,Mobile - Phrase,3.5,0.06451612903225806,1.0
Shop - 1:1 - Mob - [shop promo],November,5828,1975,0.34,214,0.09,1118,0.57,1121,22936.4,3.104,Mobile,1:1,Mobile - 1:1,5.224299065420561,0.10835443037974683,1.0026833631484795
Shop - Exact - Mob - Offer,November,6838,1235,0.18,85,0.07,641,0.52,676,14020.86,34.512,Mobile,Exact,Mobile - Exact,7.541176470588235,0.06882591093117409,1.0546021840873634
Shop - Exact - Desk - Black Friday/Cyber Monday,November,257,24,0.09,7,0.28,3,0.14,45,898.8,41.946,Desktop,Exact,Desktop - Exact,0.42857142857142855,0.2916666666666667,15.0
Shop - 1:1 - Desk - [shop discount code],November,7254,2725,0.38,512,0.11,3182,1.17,3227,66672.29,45.468,Desktop,1:1,Desktop - 1:1,6.21484375,0.18788990825688073,1.01414204902577
Shop - Exact - Desk - Coupon Code,November,18526,5553,0.3,919,0.1,5982,1.08,6047,129556.9,64.552,Desktop,Exact,Desktop - Exact,6.509249183895538,0.16549612821898074,1.0108659311267134
Shop - Exact - Mob - Black Friday/Cyber Monday,November,3662,266,0.07,24,0.09,44,0.17,160,3268.63,115.963,Mobile,Exact,Mobile - Exact,1.8333333333333333,0.09022556390977443,3.6363636363636362
Shop - Exact - Desk - Promo Code,November,25592,7726,0.3,1731,0.14,10914,1.41,11223,236665.59,308.975,Desktop,Exact,Desktop - Exact,6.305025996533796,0.2240486668392441,1.0283122594832326
